{"cameraMode":{"drawMode":0,"name":"Shaded","section":"Shading Mode"},"sceneLighting":true,"audioPlay":false,"sceneViewState":{"showFog":true,"showMaterialUpdate":false,"showSkybox":true,"showFlares":true,"showImageEffects":true,"showParticleSystems":true},"in2DMode":false,"pivot":{"x":1.112264633178711,"y":-0.37239980697631838,"z":-0.7039847373962402},"rotation":{"x":-0.07788309454917908,"y":0.9197801947593689,"z":-0.2356518656015396,"w":-0.3039880394935608},"size":10.0,"orthographic":false}