{"cameraMode":{"drawMode":0,"name":"Shaded","section":"Shading Mode"},"sceneLighting":true,"audioPlay":false,"sceneViewState":{"showFog":true,"showMaterialUpdate":false,"showSkybox":true,"showFlares":true,"showImageEffects":true,"showParticleSystems":true},"in2DMode":false,"pivot":{"x":6.8232879638671879,"y":-12.765115737915039,"z":58.29657745361328},"rotation":{"x":0.07313647121191025,"y":0.5662180185317993,"z":-0.05022560432553291,"w":0.8198198676109314},"size":97.81488800048828,"orthographic":false}